<?xml version="1.0" encoding="UTF-8"?>
<!DOCTYPE log4j:configuration PUBLIC
	"http://logging.apache.org/log4j/docs/api/org/apache/log4j/xml/log4j.dtd"
	"http://logging.apache.org/log4j/docs/api/org/apache/log4j/xml/log4j.dtd">
	
<log4j:configuration xmlns:log4j="http://jakarta.apache.org/log4j/">
	<!-- ======================== -->
	<!-- DEFINITION DES APPENDERS -->
	<!-- ======================== -->
	<appender name="console" class="org.apache.log4j.ConsoleAppender">
		<param name="target" value="System.err" />
		<layout class="org.apache.log4j.PatternLayout"> 
			<param name="ConversionPattern" value="[%-5p] Classe : %c Message : %m%n" />
		</layout>
	</appender>
	
	<appender name="toto" class="org.apache.log4j.FileAppender">
		<param name="file" value="journal.log"/>
		<layout class="org.apache.log4j.PatternLayout">
			<param name="ConversionPattern" value="%d{dd/MM/yyyy HH:mm:ss} (%-10F:%L) %-5p - %m%n" />
		</layout>
	</appender>
	
	<appender name="monfichierHtml" class="org.apache.log4j.FileAppender">
		<param name="file" value="test.html" />
		 <layout class="org.apache.log4j.HTMLLayout" >
            <param name="LocationInfo" value="true" />
        </layout>
	</appender>	
	
	<!-- Trace les messages uniquement du niveau TRACE -->
	 <appender name="fichierTrace" class="org.apache.log4j.FileAppender">
		<param name="file" value="onlytrace.log"/>		
		<layout class="org.apache.log4j.PatternLayout">
			<param name="ConversionPattern" value="%d{dd/MM HH:mm} (%-10F:%L) %-5p - %m%n" />
		</layout>
		<filter class="org.apache.log4j.varia.LevelMatchFilter" >
			<param name="levelToMatch" value="TRACE"/>
		</filter>
	</appender>
	
	<!-- Trace les messages dans un intervalle de niveaux -->
	<appender name="fichierFourchette" class="org.apache.log4j.FileAppender">
		<param name="file" value="fourchette.log"/>
		<layout class="org.apache.log4j.PatternLayout">
			<param name="ConversionPattern" value="%d{dd/MM/yyyy HH:mm:ss} (%-10F:%L) %-5p - %m%n" />
		</layout>
		<filter class="org.apache.log4j.varia.LevelRangeFilter">
			<param name="levelMin" value="TRACE" />
			<param name="levelMax" value="INFO" />
 		</filter>
	</appender>
	
	
	<!-- ======================== -->
	<!-- LOGGERS DE L'APPLICATION -->
	<!-- ======================== -->

	<!--  Placer les loggers particuliers puis root (attention additivite des appenders)-->
	<logger name="autreLogger" additivity="false" >
		<level value="trace" />
		<appender-ref ref="fichierFourchette" />
	</logger>
	<!-- root: pour les classes qui ont comme logger NomClasse.class -->
	<root>
		<level value="trace" />
		<appender-ref ref="console" />		
		<appender-ref ref="toto" />
	</root>
</log4j:configuration>
