<application>
  <component name="ExportableFileTemplateSettings">
    <default_templates>
      <template name="Java JPA.java" reformat="true" live-template-enabled="false">
        <template name="Java JPA.java.child.0.java" file-name="../dao/IDao${NAME}" reformat="true" live-template-enabled="false" />
        <template name="Java JPA.java.child.1.java" file-name="../dao/impl/Dao${NAME}Impl" reformat="true" live-template-enabled="false" />
        <template name="Java JPA.java.child.2.java" file-name="../exceptions/${NAME}Exception" reformat="true" live-template-enabled="false" />
        <template name="Java JPA.java.child.3.java" file-name="../facade/IFacadeMetier${NAME}" reformat="true" live-template-enabled="false" />
        <template name="Java JPA.java.child.4.java" file-name="../facade/impl/FacadeMetier${NAME}Impl" reformat="true" live-template-enabled="false" />
      </template>
      <template name="Java JPA.java.child.0.java" file-name="../dao/IDao${NAME}" reformat="true" live-template-enabled="false" />
      <template name="Java JPA.java.child.1.java" file-name="../dao/impl/Dao${NAME}Impl" reformat="true" live-template-enabled="false" />
      <template name="Java JPA.java.child.2.java" file-name="../exceptions/${NAME}Exception" reformat="true" live-template-enabled="false" />
      <template name="Java JPA.java.child.3.java" file-name="../facade/IFacadeMetier${NAME}" reformat="true" live-template-enabled="false" />
      <template name="Java JPA.java.child.4.java" file-name="../facade/impl/FacadeMetier${NAME}Impl" reformat="true" live-template-enabled="false" />
    </default_templates>
  </component>
</application>